time,open,high,low,close,volume
2026-02-13 10:00:00+00:00,0.26318,0.26395,0.26272,0.26362,1008634.0
2026-02-13 11:00:00+00:00,0.26368,0.26399,0.26231,0.26378,1547689.0
2026-02-13 12:00:00+00:00,0.26378,0.26378,0.26227,0.26272,1087169.0
2026-02-13 13:00:00+00:00,0.26272,0.266,0.26194,0.26537,4237644.0
2026-02-13 14:00:00+00:00,0.26537,0.26739,0.26301,0.26531,4815853.0
2026-02-13 15:00:00+00:00,0.26538,0.2736,0.26483,0.26895,10763775.0
2026-02-13 16:00:00+00:00,0.26899,0.2745,0.26816,0.27305,5618524.0
2026-02-13 17:00:00+00:00,0.27305,0.27405,0.27121,0.27175,3912175.0
2026-02-13 18:00:00+00:00,0.27179,0.27307,0.2706,0.27236,1585926.0
2026-02-13 19:00:00+00:00,0.27228,0.274,0.2719,0.27244,1799883.0
2026-02-13 20:00:00+00:00,0.2724,0.27338,0.2714,0.27338,2081758.0
2026-02-13 21:00:00+00:00,0.27337,0.27427,0.27277,0.27371,1976782.0
2026-02-13 22:00:00+00:00,0.27371,0.27415,0.27183,0.27269,1451602.0
2026-02-13 23:00:00+00:00,0.27261,0.27295,0.27177,0.27275,1001124.0
2026-02-14 00:00:00+00:00,0.27282,0.27444,0.27253,0.27411,2127140.0
2026-02-14 01:00:00+00:00,0.27431,0.27723,0.27383,0.27572,3597248.0
2026-02-14 02:00:00+00:00,0.27572,0.276,0.27513,0.27574,848485.0
2026-02-14 03:00:00+00:00,0.27574,0.27777,0.27523,0.27722,1311541.0
2026-02-14 04:00:00+00:00,0.27714,0.27746,0.27543,0.27559,1382100.0
2026-02-14 05:00:00+00:00,0.27551,0.27717,0.27494,0.27499,1076226.0
2026-02-14 06:00:00+00:00,0.27502,0.2753,0.27366,0.27428,1388726.0
2026-02-14 07:00:00+00:00,0.27424,0.27627,0.27421,0.27561,1452312.0
2026-02-14 08:00:00+00:00,0.27561,0.27966,0.27561,0.27862,3336024.0
2026-02-14 09:00:00+00:00,0.27862,0.27889,0.2778,0.27828,1030373.0
2026-02-14 10:00:00+00:00,0.27828,0.27906,0.27724,0.27841,1066521.0
2026-02-14 11:00:00+00:00,0.27849,0.2842,0.27834,0.28292,7205591.0
2026-02-14 12:00:00+00:00,0.2829,0.28399,0.2811,0.28169,2611807.0
2026-02-14 13:00:00+00:00,0.28161,0.28313,0.2803,0.28108,3114056.0
2026-02-14 14:00:00+00:00,0.28116,0.28684,0.28084,0.28654,3538874.0
2026-02-14 15:00:00+00:00,0.28655,0.28663,0.2841,0.2861,2570668.0
2026-02-14 16:00:00+00:00,0.28602,0.29073,0.28463,0.28949,5111566.0
2026-02-14 17:00:00+00:00,0.28949,0.29237,0.2889,0.28928,12697593.0
2026-02-14 18:00:00+00:00,0.28928,0.29393,0.28907,0.29339,4728378.0
2026-02-14 19:00:00+00:00,0.29331,0.29949,0.29244,0.29846,6682156.0
2026-02-14 20:00:00+00:00,0.29838,0.29999,0.29598,0.297,4541918.0
2026-02-14 21:00:00+00:00,0.297,0.30053,0.29431,0.29588,4083540.0
2026-02-14 22:00:00+00:00,0.2958,0.29861,0.2954,0.29692,2411855.0
2026-02-14 23:00:00+00:00,0.29692,0.29718,0.29432,0.29488,1500685.0
2026-02-15 00:00:00+00:00,0.2948,0.29767,0.2948,0.29659,1933977.0
2026-02-15 01:00:00+00:00,0.29652,0.29818,0.29406,0.29648,1695572.0
2026-02-15 02:00:00+00:00,0.29648,0.29812,0.29252,0.2952,2372152.0
2026-02-15 03:00:00+00:00,0.29528,0.29753,0.29242,0.29718,5615506.0
2026-02-15 04:00:00+00:00,0.29718,0.3007,0.2961,0.29731,4942360.0
2026-02-15 05:00:00+00:00,0.29739,0.29939,0.29711,0.29809,1919613.0
2026-02-15 06:00:00+00:00,0.29801,0.29895,0.29623,0.29667,1562492.0
2026-02-15 07:00:00+00:00,0.29667,0.30083,0.29651,0.30049,2356438.0
2026-02-15 08:00:00+00:00,0.30041,0.3016,0.29463,0.296,3490769.0
2026-02-15 09:00:00+00:00,0.296,0.29787,0.2948,0.29527,2149061.0
2026-02-15 10:00:00+00:00,0.29527,0.29569,0.29063,0.29254,3420010.0
2026-02-15 11:00:00+00:00,0.29262,0.29349,0.28963,0.29033,2596557.0
2026-02-15 12:00:00+00:00,0.29034,0.29082,0.28333,0.28342,5285468.0
2026-02-15 13:00:00+00:00,0.28342,0.28603,0.28079,0.28207,6541712.0
2026-02-15 14:00:00+00:00,0.282,0.28523,0.28187,0.28449,3286363.0
2026-02-15 15:00:00+00:00,0.28449,0.28626,0.28353,0.28409,2820951.0
2026-02-15 16:00:00+00:00,0.28409,0.28419,0.28174,0.2833,2819280.0
2026-02-15 17:00:00+00:00,0.2833,0.28423,0.27801,0.28045,4292252.0
2026-02-15 18:00:00+00:00,0.28045,0.28123,0.27781,0.27891,4692087.0
2026-02-15 19:00:00+00:00,0.27891,0.28052,0.27726,0.27887,3992797.0
2026-02-15 20:00:00+00:00,0.27887,0.28042,0.27773,0.27898,2280873.0
2026-02-15 21:00:00+00:00,0.27906,0.28139,0.27891,0.28015,2148218.0
2026-02-15 22:00:00+00:00,0.28015,0.28255,0.27971,0.28219,1755810.0
2026-02-15 23:00:00+00:00,0.28219,0.28219,0.279,0.28144,1989266.0
2026-02-16 00:00:00+00:00,0.28165,0.2833,0.28051,0.28183,1403758.0
2026-02-16 01:00:00+00:00,0.28183,0.28288,0.2797,0.28081,998108.0
2026-02-16 02:00:00+00:00,0.28088,0.28219,0.27943,0.27971,990337.0
2026-02-16 03:00:00+00:00,0.27971,0.28029,0.27926,0.27994,848057.0
2026-02-16 04:00:00+00:00,0.28002,0.28202,0.27978,0.28202,1245548.0
2026-02-16 05:00:00+00:00,0.282,0.28255,0.2772,0.27796,2361778.0
2026-02-16 06:00:00+00:00,0.27788,0.28034,0.27767,0.27994,1015022.0
2026-02-16 07:00:00+00:00,0.28002,0.28129,0.27921,0.28009,863790.0
2026-02-16 08:00:00+00:00,0.28009,0.28257,0.2799,0.28156,1007111.0
2026-02-16 09:00:00+00:00,0.28148,0.28553,0.28137,0.28479,3036653.0
2026-02-16 10:00:00+00:00,0.28471,0.28479,0.28216,0.28261,2083203.0
2026-02-16 11:00:00+00:00,0.2826,0.28344,0.27865,0.28251,3296353.0
2026-02-16 12:00:00+00:00,0.28259,0.28743,0.2818,0.28691,4804225.0
2026-02-16 13:00:00+00:00,0.28691,0.28893,0.28011,0.28095,6271149.0
2026-02-16 14:00:00+00:00,0.28081,0.28557,0.27863,0.28381,3381708.0
2026-02-16 15:00:00+00:00,0.28381,0.2857,0.27657,0.27877,5989822.0
2026-02-16 16:00:00+00:00,0.27885,0.28217,0.27827,0.28119,2549216.0
2026-02-16 17:00:00+00:00,0.28119,0.283,0.2796,0.28188,2064814.0
2026-02-16 18:00:00+00:00,0.28188,0.28376,0.28114,0.28143,1428282.0
2026-02-16 19:00:00+00:00,0.28143,0.28358,0.2811,0.2821,924601.0
2026-02-16 20:00:00+00:00,0.28202,0.28593,0.28111,0.28521,1923477.0
2026-02-16 21:00:00+00:00,0.28529,0.28746,0.2841,0.28725,2020678.0
2026-02-16 22:00:00+00:00,0.28717,0.28746,0.28427,0.28478,1104415.0
2026-02-16 23:00:00+00:00,0.28478,0.28592,0.28461,0.28558,688951.0
2026-02-17 00:00:00+00:00,0.28566,0.28616,0.28446,0.28469,1098315.0
2026-02-17 01:00:00+00:00,0.28469,0.28586,0.28404,0.28427,704435.0
2026-02-17 02:00:00+00:00,0.28427,0.2889,0.28277,0.28801,2490515.0
2026-02-17 03:00:00+00:00,0.28801,0.28819,0.2862,0.28632,1139910.0
2026-02-17 04:00:00+00:00,0.28632,0.28759,0.28525,0.28649,1438372.0
2026-02-17 05:00:00+00:00,0.28641,0.28689,0.2835,0.2854,1709331.0
2026-02-17 06:00:00+00:00,0.28532,0.2875,0.28532,0.28721,1030831.0
2026-02-17 07:00:00+00:00,0.28721,0.2895,0.28551,0.28621,2401716.0
2026-02-17 08:00:00+00:00,0.28621,0.28706,0.2831,0.28339,1811107.0
2026-02-17 09:00:00+00:00,0.28331,0.28339,0.28061,0.28209,2143778.0
2026-02-17 10:00:00+00:00,0.28203,0.2822,0.2792,0.27986,2031748.0
2026-02-17 11:00:00+00:00,0.27978,0.28089,0.27937,0.28019,2136900.0
2026-02-17 12:00:00+00:00,0.28019,0.283,0.2797,0.28168,3622631.0
2026-02-17 13:00:00+00:00,0.28176,0.28406,0.28137,0.28321,2401782.0
2026-02-17 14:00:00+00:00,0.28321,0.2843,0.27713,0.27809,8866519.0
2026-02-17 15:00:00+00:00,0.27809,0.2814,0.27744,0.28116,4908270.0
2026-02-17 16:00:00+00:00,0.28108,0.28677,0.28065,0.28273,6354291.0
2026-02-17 17:00:00+00:00,0.28274,0.28346,0.27826,0.28081,3850717.0
2026-02-17 18:00:00+00:00,0.28089,0.28639,0.28031,0.28456,2681242.0
2026-02-17 19:00:00+00:00,0.28448,0.28553,0.28257,0.28284,1286956.0
2026-02-17 20:00:00+00:00,0.28299,0.28349,0.28111,0.28266,1374935.0
2026-02-17 21:00:00+00:00,0.28266,0.28353,0.28131,0.28221,799438.0
2026-02-17 22:00:00+00:00,0.28221,0.28266,0.2806,0.28106,762100.0
2026-02-17 23:00:00+00:00,0.28091,0.2813,0.28011,0.28083,1048355.0
2026-02-18 00:00:00+00:00,0.28084,0.2816,0.27983,0.27988,1361071.0
2026-02-18 01:00:00+00:00,0.27989,0.28029,0.27887,0.27978,1436603.0
2026-02-18 02:00:00+00:00,0.27986,0.28285,0.27978,0.28219,975958.0
2026-02-18 03:00:00+00:00,0.28219,0.28376,0.28201,0.28299,851887.0
2026-02-18 04:00:00+00:00,0.28299,0.2833,0.2816,0.28189,681663.0
2026-02-18 05:00:00+00:00,0.28189,0.28279,0.28144,0.2821,686438.0
2026-02-18 06:00:00+00:00,0.28218,0.28333,0.28201,0.28201,872609.0
2026-02-18 07:00:00+00:00,0.28201,0.28489,0.2818,0.28442,1074645.0
2026-02-18 08:00:00+00:00,0.28442,0.28639,0.28388,0.28488,1687235.0
2026-02-18 09:00:00+00:00,0.28496,0.28619,0.28463,0.28514,1499099.0
2026-02-18 10:00:00+00:00,0.28522,0.28597,0.28268,0.28328,1649597.0
2026-02-18 11:00:00+00:00,0.28328,0.28367,0.28021,0.28052,3325406.0
2026-02-18 12:00:00+00:00,0.28059,0.28299,0.28044,0.28217,1553593.0
2026-02-18 13:00:00+00:00,0.28226,0.28276,0.27948,0.28058,1456524.0
2026-02-18 14:00:00+00:00,0.28066,0.2818,0.27838,0.28105,2351807.0
2026-02-18 15:00:00+00:00,0.28105,0.28733,0.28085,0.28392,4679663.0
2026-02-18 16:00:00+00:00,0.28384,0.28409,0.27914,0.28001,3652303.0
2026-02-18 17:00:00+00:00,0.28009,0.28258,0.27949,0.27961,2035541.0
2026-02-18 18:00:00+00:00,0.27969,0.28019,0.27451,0.27539,7277065.0
2026-02-18 19:00:00+00:00,0.27531,0.27666,0.2712,0.27331,23156941.0
2026-02-18 20:00:00+00:00,0.27331,0.27563,0.27231,0.2737,4676306.0
2026-02-18 21:00:00+00:00,0.27371,0.27468,0.27277,0.27358,1895591.0
2026-02-18 22:00:00+00:00,0.27366,0.274,0.27223,0.27314,2065120.0
2026-02-18 23:00:00+00:00,0.27314,0.2739,0.27221,0.27339,1255579.0
2026-02-19 00:00:00+00:00,0.27331,0.2735,0.27197,0.27246,1566631.0
2026-02-19 01:00:00+00:00,0.27232,0.275,0.27232,0.27496,1512189.0
2026-02-19 02:00:00+00:00,0.27496,0.27572,0.27373,0.27469,884317.0
2026-02-19 03:00:00+00:00,0.27461,0.27526,0.2736,0.27491,1532397.0
2026-02-19 04:00:00+00:00,0.27499,0.27564,0.27427,0.27438,1214588.0
2026-02-19 05:00:00+00:00,0.27438,0.27513,0.27308,0.27466,835912.0
2026-02-19 06:00:00+00:00,0.27458,0.27678,0.27428,0.27622,1543667.0
2026-02-19 07:00:00+00:00,0.27622,0.27717,0.27528,0.27614,995899.0
2026-02-19 08:00:00+00:00,0.27622,0.27636,0.27283,0.27371,1629141.0
2026-02-19 09:00:00+00:00,0.27371,0.275,0.27236,0.27322,2718648.0
2026-02-19 10:00:00+00:00,0.27315,0.27413,0.2723,0.27353,1326406.0
2026-02-19 11:00:00+00:00,0.27344,0.27423,0.27195,0.27204,1007584.0
2026-02-19 12:00:00+00:00,0.27204,0.27259,0.2709,0.27202,2283085.0
2026-02-19 13:00:00+00:00,0.27197,0.27232,0.2683,0.26969,5601753.0
2026-02-19 14:00:00+00:00,0.26969,0.27348,0.2693,0.27229,3772365.0
2026-02-19 15:00:00+00:00,0.27221,0.2736,0.2686,0.27012,4222749.0
2026-02-19 16:00:00+00:00,0.27005,0.2704,0.26689,0.26932,3073428.0
2026-02-19 17:00:00+00:00,0.26932,0.27287,0.26804,0.26929,2514410.0
2026-02-19 18:00:00+00:00,0.26929,0.27321,0.26905,0.27299,1798971.0
2026-02-19 19:00:00+00:00,0.27299,0.27386,0.27125,0.27276,1445820.0
2026-02-19 20:00:00+00:00,0.27276,0.27313,0.27151,0.27244,989265.0
2026-02-19 21:00:00+00:00,0.27265,0.2732,0.27182,0.27199,803109.0
2026-02-19 22:00:00+00:00,0.27209,0.27264,0.27061,0.27221,983390.0
2026-02-19 23:00:00+00:00,0.27211,0.27302,0.27194,0.27279,511191.0
2026-02-20 00:00:00+00:00,0.27286,0.275,0.27212,0.27388,1524263.0
2026-02-20 01:00:00+00:00,0.27388,0.27446,0.27321,0.27382,3104474.0
2026-02-20 02:00:00+00:00,0.27382,0.27469,0.27352,0.27352,785008.0
2026-02-20 03:00:00+00:00,0.27359,0.27468,0.27319,0.27369,823812.0
2026-02-20 04:00:00+00:00,0.27362,0.27369,0.27078,0.27236,1331291.0
2026-02-20 05:00:00+00:00,0.27228,0.2758,0.27159,0.27464,1364678.0
2026-02-20 06:00:00+00:00,0.27457,0.27485,0.2736,0.27438,1506176.0
2026-02-20 07:00:00+00:00,0.27446,0.27467,0.27322,0.27349,829634.0
2026-02-20 08:00:00+00:00,0.27341,0.27489,0.27313,0.27441,944240.0
2026-02-20 09:00:00+00:00,0.27449,0.2775,0.27435,0.27716,1726314.0
2026-02-20 10:00:00+00:00,0.27722,0.27977,0.27705,0.27843,3552228.0
2026-02-20 11:00:00+00:00,0.27835,0.27853,0.27637,0.27651,2057523.0
2026-02-20 12:00:00+00:00,0.27666,0.27817,0.27594,0.27671,1963178.0
2026-02-20 13:00:00+00:00,0.27671,0.27679,0.2697,0.27161,5771384.0
2026-02-20 14:00:00+00:00,0.27161,0.27884,0.27141,0.27701,6212668.0
2026-02-20 15:00:00+00:00,0.27708,0.28876,0.27701,0.28876,14040619.0
2026-02-20 16:00:00+00:00,0.28868,0.29361,0.2855,0.28809,17401932.0
2026-02-20 17:00:00+00:00,0.28809,0.28821,0.28001,0.28555,9019530.0
2026-02-20 18:00:00+00:00,0.28555,0.28555,0.28103,0.28316,5880744.0
2026-02-20 19:00:00+00:00,0.28316,0.28407,0.28174,0.28279,1432348.0
2026-02-20 20:00:00+00:00,0.28279,0.28454,0.28207,0.28397,2365892.0
2026-02-20 21:00:00+00:00,0.28399,0.2847,0.28295,0.28438,1288894.0
2026-02-20 22:00:00+00:00,0.28446,0.28535,0.28314,0.28535,1320066.0
2026-02-20 23:00:00+00:00,0.28528,0.2859,0.28413,0.28469,1885924.0
2026-02-21 00:00:00+00:00,0.28469,0.28525,0.28233,0.28274,1616080.0
2026-02-21 01:00:00+00:00,0.28274,0.2836,0.28201,0.28339,1610025.0
2026-02-21 02:00:00+00:00,0.28339,0.28456,0.2824,0.28362,926433.0
2026-02-21 03:00:00+00:00,0.28379,0.28389,0.282,0.28294,1803718.0
2026-02-21 04:00:00+00:00,0.28302,0.2833,0.282,0.28329,599000.0
2026-02-21 05:00:00+00:00,0.28321,0.28419,0.2831,0.28333,744398.0
2026-02-21 06:00:00+00:00,0.28325,0.2834,0.28073,0.28154,1633586.0
2026-02-21 07:00:00+00:00,0.28162,0.28193,0.28063,0.28129,1153614.0
2026-02-21 08:00:00+00:00,0.28129,0.2838,0.281,0.2837,1094597.0
2026-02-21 09:00:00+00:00,0.28361,0.28637,0.28321,0.28401,2517192.0
2026-02-21 10:00:00+00:00,0.28401,0.28496,0.28319,0.28361,1700352.0
2026-02-21 11:00:00+00:00,0.28361,0.28479,0.283,0.28324,1252412.0
2026-02-21 12:00:00+00:00,0.28332,0.28349,0.2815,0.28251,1709258.0
2026-02-21 13:00:00+00:00,0.28251,0.2833,0.28174,0.28322,1251341.0
2026-02-21 14:00:00+00:00,0.28314,0.28493,0.2825,0.2826,2421726.0
2026-02-21 15:00:00+00:00,0.28252,0.2834,0.2818,0.28221,1867468.0
2026-02-21 16:00:00+00:00,0.2823,0.28256,0.2795,0.28035,4110271.0
2026-02-21 17:00:00+00:00,0.28035,0.2809,0.27933,0.28069,2267701.0
2026-02-21 18:00:00+00:00,0.28068,0.28194,0.28068,0.28161,1971412.0
2026-02-21 19:00:00+00:00,0.28169,0.28179,0.27987,0.28016,896745.0
2026-02-21 20:00:00+00:00,0.28008,0.28109,0.2789,0.27902,3325351.0
2026-02-21 21:00:00+00:00,0.27902,0.281,0.27886,0.28078,1981600.0
2026-02-21 22:00:00+00:00,0.28078,0.2812,0.27971,0.28009,1558851.0
2026-02-21 23:00:00+00:00,0.28001,0.28052,0.27928,0.27971,913829.0
2026-02-22 00:00:00+00:00,0.27971,0.27993,0.27704,0.27846,3988489.0
2026-02-22 01:00:00+00:00,0.27846,0.2793,0.27782,0.27899,1207011.0
2026-02-22 02:00:00+00:00,0.27909,0.27954,0.2765,0.27686,1591539.0
2026-02-22 03:00:00+00:00,0.27686,0.27759,0.27532,0.27706,2143729.0
2026-02-22 04:00:00+00:00,0.27698,0.2775,0.27604,0.27621,1120456.0
2026-02-22 05:00:00+00:00,0.27621,0.27646,0.27519,0.27551,1888011.0
2026-02-22 06:00:00+00:00,0.27559,0.27677,0.2747,0.27628,1906491.0
2026-02-22 07:00:00+00:00,0.27636,0.27659,0.2757,0.27571,993779.0
2026-02-22 08:00:00+00:00,0.2757,0.2761,0.27478,0.27522,1264666.0
2026-02-22 09:00:00+00:00,0.27516,0.2763,0.275,0.27622,1625505.0
2026-02-22 10:00:00+00:00,0.27615,0.2772,0.27583,0.27609,1290496.0
2026-02-22 11:00:00+00:00,0.27609,0.27637,0.27555,0.27561,861189.0
2026-02-22 12:00:00+00:00,0.27569,0.27589,0.2726,0.27312,4966016.0
2026-02-22 13:00:00+00:00,0.27313,0.2736,0.27196,0.27262,3655768.0
2026-02-22 14:00:00+00:00,0.27254,0.27309,0.27096,0.27182,3102600.0
2026-02-22 15:00:00+00:00,0.27175,0.2721,0.27008,0.27158,3075046.0
2026-02-22 16:00:00+00:00,0.27158,0.27165,0.26973,0.27098,3510673.0
2026-02-22 17:00:00+00:00,0.27105,0.27113,0.26954,0.27012,2450882.0
2026-02-22 18:00:00+00:00,0.2702,0.2702,0.26867,0.26975,3166248.0
2026-02-22 19:00:00+00:00,0.26975,0.27022,0.269,0.26961,1199529.0
2026-02-22 20:00:00+00:00,0.26961,0.2699,0.2685,0.26909,2134099.0
2026-02-22 21:00:00+00:00,0.26901,0.27033,0.26877,0.27015,2450822.0
2026-02-22 22:00:00+00:00,0.27008,0.27187,0.27007,0.27141,2268780.0
2026-02-22 23:00:00+00:00,0.27141,0.2719,0.26997,0.27152,1974198.0
2026-02-23 00:00:00+00:00,0.27152,0.27169,0.2679,0.26811,3249282.0
2026-02-23 01:00:00+00:00,0.26811,0.26822,0.25688,0.25824,22183934.0
2026-02-23 02:00:00+00:00,0.25821,0.26057,0.25779,0.25999,2564729.0
2026-02-23 03:00:00+00:00,0.26004,0.26183,0.25999,0.26079,2295257.0
2026-02-23 04:00:00+00:00,0.26085,0.26096,0.25948,0.26055,1778260.0
2026-02-23 05:00:00+00:00,0.26055,0.26261,0.26032,0.26158,2157646.0
2026-02-23 06:00:00+00:00,0.26165,0.26609,0.26139,0.26595,3831279.0
2026-02-23 07:00:00+00:00,0.26595,0.26744,0.26557,0.26642,2431791.0
2026-02-23 08:00:00+00:00,0.26642,0.26648,0.26475,0.26498,1434773.0
2026-02-23 09:00:00+00:00,0.26491,0.2715,0.26491,0.27095,3516420.0
2026-02-23 10:00:00+00:00,0.27095,0.27181,0.2698,0.27018,2758914.0
2026-02-23 11:00:00+00:00,0.27025,0.27188,0.2699,0.27115,2051819.0
2026-02-23 12:00:00+00:00,0.27108,0.2754,0.27064,0.27345,4355293.0
2026-02-23 13:00:00+00:00,0.27345,0.27396,0.27177,0.27187,2373158.0
2026-02-23 14:00:00+00:00,0.27184,0.27266,0.26847,0.27032,3949903.0
2026-02-23 15:00:00+00:00,0.27032,0.27095,0.26627,0.26689,2765970.0
2026-02-23 16:00:00+00:00,0.26671,0.26824,0.26528,0.2658,3150314.0
2026-02-23 17:00:00+00:00,0.2658,0.26675,0.26014,0.26315,5412036.0
2026-02-23 18:00:00+00:00,0.26315,0.26563,0.26227,0.26315,2277482.0
2026-02-23 19:00:00+00:00,0.26315,0.26365,0.26094,0.26182,1591733.0
2026-02-23 20:00:00+00:00,0.26182,0.26336,0.2605,0.26302,2684402.0
2026-02-23 21:00:00+00:00,0.26288,0.26396,0.26237,0.26338,1110973.0
2026-02-23 22:00:00+00:00,0.26338,0.26489,0.26302,0.26312,1879379.0
2026-02-23 23:00:00+00:00,0.26318,0.26408,0.26187,0.26212,1261559.0
2026-02-24 00:00:00+00:00,0.26218,0.26449,0.26212,0.26408,1033064.0
2026-02-24 01:00:00+00:00,0.26408,0.26425,0.25754,0.26088,4723591.0
2026-02-24 02:00:00+00:00,0.26082,0.26226,0.2595,0.26025,917600.0
2026-02-24 03:00:00+00:00,0.26025,0.26025,0.25757,0.25839,1571860.0
2026-02-24 04:00:00+00:00,0.25839,0.25885,0.25608,0.25775,2490400.0
2026-02-24 05:00:00+00:00,0.25775,0.25902,0.25561,0.25705,1975040.0
2026-02-24 06:00:00+00:00,0.25699,0.25738,0.25592,0.25625,1049110.0
2026-02-24 07:00:00+00:00,0.25619,0.25773,0.25557,0.25735,1162533.0
2026-02-24 08:00:00+00:00,0.25735,0.25843,0.25648,0.25791,907773.0
2026-02-24 09:00:00+00:00,0.2579,0.25812,0.25591,0.25692,1707576.0
2026-02-24 10:00:00+00:00,0.25692,0.25774,0.25661,0.25729,1282508.0
2026-02-24 11:00:00+00:00,0.25729,0.25755,0.25664,0.25722,571298.0
2026-02-24 12:00:00+00:00,0.25728,0.25775,0.25601,0.25638,817283.0
2026-02-24 13:00:00+00:00,0.25632,0.25668,0.25414,0.25604,2386745.0
2026-02-24 14:00:00+00:00,0.25604,0.25893,0.25347,0.25765,4679420.0
2026-02-24 15:00:00+00:00,0.25765,0.26092,0.25698,0.25949,2818726.0
2026-02-24 16:00:00+00:00,0.25949,0.26214,0.25911,0.26152,2353871.0
2026-02-24 17:00:00+00:00,0.26158,0.2625,0.26064,0.26125,1331319.0
2026-02-24 18:00:00+00:00,0.26125,0.26253,0.25939,0.26108,4784072.0
2026-02-24 19:00:00+00:00,0.26108,0.26189,0.25945,0.26029,1533139.0
2026-02-24 20:00:00+00:00,0.26029,0.26091,0.25962,0.26055,792463.0
2026-02-24 21:00:00+00:00,0.26055,0.26055,0.25881,0.25923,1268793.0
2026-02-24 22:00:00+00:00,0.25923,0.26065,0.25885,0.25941,1259001.0
2026-02-24 23:00:00+00:00,0.25941,0.25963,0.25741,0.25845,1827740.0
2026-02-25 00:00:00+00:00,0.25845,0.25926,0.25769,0.25878,1062383.0
2026-02-25 01:00:00+00:00,0.25885,0.26969,0.25877,0.26725,7969586.0
2026-02-25 02:00:00+00:00,0.26725,0.27127,0.26708,0.26861,4141779.0
2026-02-25 03:00:00+00:00,0.26869,0.26925,0.26567,0.26587,3473089.0
2026-02-25 04:00:00+00:00,0.26588,0.2666,0.26414,0.26575,5804939.0
2026-02-25 05:00:00+00:00,0.26579,0.26598,0.26184,0.26375,1467838.0
2026-02-25 06:00:00+00:00,0.26368,0.26533,0.26367,0.26415,1420037.0
2026-02-25 07:00:00+00:00,0.26415,0.26612,0.26415,0.26588,1236987.0
2026-02-25 08:00:00+00:00,0.26578,0.26857,0.26527,0.26855,1461589.0
2026-02-25 09:00:00+00:00,0.26848,0.27026,0.26821,0.26981,2703638.0
2026-02-25 10:00:00+00:00,0.26989,0.271,0.26909,0.26945,2230118.0
2026-02-25 11:00:00+00:00,0.26945,0.27113,0.26868,0.27095,2017312.0
2026-02-25 12:00:00+00:00,0.27088,0.27813,0.27088,0.27651,7324979.0
2026-02-25 13:00:00+00:00,0.27657,0.27988,0.27651,0.27859,4640378.0
2026-02-25 14:00:00+00:00,0.27859,0.28717,0.27851,0.28695,10937107.0
2026-02-25 15:00:00+00:00,0.28719,0.29253,0.28698,0.29034,9544928.0
2026-02-25 16:00:00+00:00,0.29031,0.2956,0.29031,0.29509,8953079.0
2026-02-25 17:00:00+00:00,0.29515,0.29802,0.29459,0.29617,11041771.0
2026-02-25 18:00:00+00:00,0.2962,0.2996,0.29411,0.29899,4640534.0
2026-02-25 19:00:00+00:00,0.29893,0.30359,0.29552,0.30276,4564056.0
2026-02-25 20:00:00+00:00,0.30287,0.31246,0.30276,0.30733,14195665.0
2026-02-25 21:00:00+00:00,0.30719,0.31322,0.30619,0.30945,5735668.0
2026-02-25 22:00:00+00:00,0.30944,0.31236,0.29962,0.30065,4147192.0
2026-02-25 23:00:00+00:00,0.30065,0.30324,0.29408,0.297,4277544.0
2026-02-26 00:00:00+00:00,0.297,0.30083,0.29383,0.29562,3155233.0
2026-02-26 01:00:00+00:00,0.29559,0.29862,0.29494,0.29614,1329839.0
2026-02-26 02:00:00+00:00,0.29614,0.29726,0.2937,0.29659,1851691.0
2026-02-26 03:00:00+00:00,0.29651,0.2972,0.29464,0.29498,5458720.0
2026-02-26 04:00:00+00:00,0.29498,0.30001,0.29468,0.29726,2781291.0
2026-02-26 05:00:00+00:00,0.29726,0.29726,0.29263,0.29505,2833994.0
2026-02-26 06:00:00+00:00,0.29497,0.29683,0.29331,0.29397,2118942.0
2026-02-26 07:00:00+00:00,0.29405,0.2957,0.2927,0.29313,1266662.0
2026-02-26 08:00:00+00:00,0.29313,0.29471,0.29185,0.29185,2535490.0
2026-02-26 09:00:00+00:00,0.29183,0.29551,0.29034,0.2946,3571738.0
2026-02-26 10:00:00+00:00,0.29468,0.29479,0.291,0.29181,5648704.0
2026-02-26 11:00:00+00:00,0.29189,0.29245,0.2887,0.28919,3267492.0
2026-02-26 12:00:00+00:00,0.28919,0.2929,0.2889,0.2925,2580487.0
2026-02-26 13:00:00+00:00,0.29249,0.29349,0.2914,0.29202,1821483.0
2026-02-26 14:00:00+00:00,0.29202,0.29476,0.2893,0.29199,5147194.0
2026-02-26 15:00:00+00:00,0.29194,0.29413,0.28887,0.29136,7598090.0
2026-02-26 16:00:00+00:00,0.29128,0.2914,0.28334,0.28399,10842502.0
2026-02-26 17:00:00+00:00,0.28391,0.28612,0.28293,0.28343,5372912.0
2026-02-26 18:00:00+00:00,0.28336,0.28664,0.28207,0.28608,2958712.0
2026-02-26 19:00:00+00:00,0.28608,0.2903,0.28598,0.28815,3103367.0
2026-02-26 20:00:00+00:00,0.28815,0.28937,0.28417,0.28492,2929783.0
2026-02-26 21:00:00+00:00,0.28492,0.28595,0.28396,0.28528,1727185.0
2026-02-26 22:00:00+00:00,0.28528,0.28719,0.28517,0.28711,1101060.0
2026-02-26 23:00:00+00:00,0.28719,0.2875,0.28601,0.28685,773243.0
2026-02-27 00:00:00+00:00,0.28685,0.28699,0.28457,0.28597,3744331.0
2026-02-27 01:00:00+00:00,0.28605,0.28799,0.28496,0.28741,1005746.0
2026-02-27 02:00:00+00:00,0.28741,0.28823,0.28661,0.28689,845576.0
2026-02-27 03:00:00+00:00,0.28681,0.2905,0.2864,0.28984,1399813.0
2026-02-27 04:00:00+00:00,0.28992,0.2944,0.28983,0.29322,2622642.0
2026-02-27 05:00:00+00:00,0.29322,0.29604,0.29293,0.29471,1950787.0
2026-02-27 06:00:00+00:00,0.29471,0.29502,0.29093,0.29222,3385584.0
2026-02-27 07:00:00+00:00,0.29217,0.29235,0.28916,0.29025,2236259.0
2026-02-27 08:00:00+00:00,0.29017,0.29222,0.29009,0.29212,1329470.0
2026-02-27 09:00:00+00:00,0.29204,0.29366,0.28961,0.29044,2016542.0
2026-02-27 10:00:00+00:00,0.29031,0.291,0.2851,0.28601,7227902.0
2026-02-27 11:00:00+00:00,0.28601,0.28683,0.28116,0.28173,6174707.0
2026-02-27 12:00:00+00:00,0.28173,0.284,0.28047,0.28332,3583111.0
2026-02-27 13:00:00+00:00,0.28339,0.2846,0.28027,0.28364,3421162.0
2026-02-27 14:00:00+00:00,0.28355,0.28393,0.281,0.28149,2435536.0
2026-02-27 15:00:00+00:00,0.28141,0.28287,0.27933,0.28035,3416072.0
2026-02-27 16:00:00+00:00,0.28035,0.28043,0.27674,0.2774,5814987.0
2026-02-27 17:00:00+00:00,0.27731,0.27797,0.27413,0.27768,8067465.0
2026-02-27 18:00:00+00:00,0.27776,0.27857,0.27657,0.27666,2225806.0
2026-02-27 19:00:00+00:00,0.27666,0.27696,0.27471,0.27539,4074578.0
2026-02-27 20:00:00+00:00,0.27546,0.2781,0.27509,0.27718,2071619.0
2026-02-27 21:00:00+00:00,0.27726,0.27818,0.275,0.27596,896148.0
2026-02-27 22:00:00+00:00,0.27588,0.2765,0.27231,0.27638,3794633.0
2026-02-27 23:00:00+00:00,0.27646,0.2776,0.27617,0.27746,2435063.0
2026-02-28 00:00:00+00:00,0.27738,0.27808,0.27657,0.27772,1178822.0
2026-02-28 01:00:00+00:00,0.27767,0.27843,0.2768,0.27734,826815.0
2026-02-28 02:00:00+00:00,0.27724,0.2794,0.27663,0.27896,1013797.0
2026-02-28 03:00:00+00:00,0.27888,0.27896,0.2762,0.27663,1918695.0
2026-02-28 04:00:00+00:00,0.27664,0.27739,0.2753,0.27649,1223085.0
2026-02-28 05:00:00+00:00,0.27641,0.27689,0.27454,0.27549,1163961.0
2026-02-28 06:00:00+00:00,0.27541,0.27549,0.26241,0.263,34148583.0
2026-02-28 07:00:00+00:00,0.26281,0.27,0.2608,0.26479,6805741.0
2026-02-28 08:00:00+00:00,0.26485,0.26485,0.26044,0.26075,3205903.0
2026-02-28 09:00:00+00:00,0.26075,0.26235,0.25983,0.26078,3652118.0
2026-02-28 10:00:00+00:00,0.26078,0.26527,0.25908,0.26305,5598069.0
2026-02-28 11:00:00+00:00,0.26298,0.26486,0.26245,0.26252,2176939.0
2026-02-28 12:00:00+00:00,0.26256,0.26369,0.26238,0.26315,1775453.0
2026-02-28 13:00:00+00:00,0.26316,0.26971,0.26259,0.2696,4169432.0
2026-02-28 14:00:00+00:00,0.26969,0.27132,0.26554,0.26616,3559984.0
2026-02-28 15:00:00+00:00,0.26608,0.26843,0.26516,0.26772,1620893.0
2026-02-28 16:00:00+00:00,0.26765,0.26898,0.26678,0.2688,907232.0
2026-02-28 17:00:00+00:00,0.2688,0.26913,0.26604,0.26866,1323968.0
2026-02-28 18:00:00+00:00,0.26866,0.27469,0.26788,0.27375,3142086.0
2026-02-28 19:00:00+00:00,0.27375,0.27777,0.27148,0.27528,4677807.0
2026-02-28 20:00:00+00:00,0.27521,0.28098,0.27431,0.28041,9361124.0
2026-02-28 21:00:00+00:00,0.28041,0.28075,0.2763,0.2779,2383651.0
2026-02-28 22:00:00+00:00,0.27791,0.2842,0.2779,0.28042,2971364.0
2026-02-28 23:00:00+00:00,0.28042,0.28188,0.2802,0.28071,1682535.0
2026-03-01 00:00:00+00:00,0.28071,0.28261,0.27853,0.27952,1675570.0
2026-03-01 01:00:00+00:00,0.27934,0.28768,0.27735,0.28604,4078140.0
2026-03-01 02:00:00+00:00,0.28597,0.29199,0.28597,0.28982,5969479.0
2026-03-01 03:00:00+00:00,0.28974,0.29055,0.2859,0.28674,6076152.0
2026-03-01 04:00:00+00:00,0.28682,0.28776,0.284,0.28579,1208048.0
2026-03-01 05:00:00+00:00,0.28579,0.28663,0.28529,0.28571,1126685.0
2026-03-01 06:00:00+00:00,0.28571,0.2859,0.28156,0.28241,1522041.0
2026-03-01 07:00:00+00:00,0.28249,0.2835,0.28161,0.2827,1258729.0
2026-03-01 08:00:00+00:00,0.2827,0.28336,0.27834,0.27889,3267578.0
2026-03-01 09:00:00+00:00,0.27881,0.28096,0.27787,0.27851,1349533.0
2026-03-01 10:00:00+00:00,0.27859,0.2797,0.27717,0.27842,1347009.0
2026-03-01 11:00:00+00:00,0.27834,0.2789,0.27732,0.27783,924755.0
2026-03-01 12:00:00+00:00,0.27783,0.2791,0.27577,0.27596,2122934.0
2026-03-01 13:00:00+00:00,0.27588,0.28236,0.27493,0.28049,4098777.0
2026-03-01 14:00:00+00:00,0.28041,0.28323,0.27827,0.27904,2129074.0
2026-03-01 15:00:00+00:00,0.27904,0.28223,0.27848,0.27993,1884658.0
2026-03-01 16:00:00+00:00,0.27993,0.28189,0.2752,0.27684,3099928.0
2026-03-01 17:00:00+00:00,0.27699,0.27725,0.27343,0.27478,2463978.0
2026-03-01 18:00:00+00:00,0.27486,0.279,0.27458,0.27592,1787255.0
2026-03-01 19:00:00+00:00,0.27592,0.27599,0.27273,0.27347,3857345.0
2026-03-01 20:00:00+00:00,0.27348,0.27348,0.26897,0.26967,4900020.0
2026-03-01 21:00:00+00:00,0.26966,0.27317,0.26958,0.27282,12952698.0
2026-03-01 22:00:00+00:00,0.27282,0.2766,0.2708,0.27165,4349122.0
2026-03-01 23:00:00+00:00,0.27165,0.27542,0.27117,0.27324,2117825.0
2026-03-02 00:00:00+00:00,0.27332,0.27698,0.27193,0.27628,1944047.0
2026-03-02 01:00:00+00:00,0.27636,0.27999,0.27591,0.27655,2979152.0
2026-03-02 02:00:00+00:00,0.27655,0.27759,0.2738,0.27558,3913795.0
2026-03-02 03:00:00+00:00,0.27558,0.27784,0.27415,0.27691,1731023.0
2026-03-02 04:00:00+00:00,0.27691,0.27785,0.2756,0.27591,1326561.0
2026-03-02 05:00:00+00:00,0.27591,0.2764,0.27411,0.27485,1901572.0
2026-03-02 06:00:00+00:00,0.27478,0.27485,0.27056,0.27171,4534551.0
2026-03-02 07:00:00+00:00,0.27179,0.27192,0.26887,0.27055,2067183.0
2026-03-02 08:00:00+00:00,0.27069,0.27239,0.26843,0.27191,1810294.0
2026-03-02 09:00:00+00:00,0.27209,0.27443,0.27161,0.27162,1830979.0
2026-03-02 10:00:00+00:00,0.27162,0.27229,0.27078,0.27151,1197552.0
2026-03-02 11:00:00+00:00,0.27151,0.27269,0.27037,0.27189,1275650.0
2026-03-02 12:00:00+00:00,0.27189,0.2721,0.2705,0.27075,917592.0
2026-03-02 13:00:00+00:00,0.27075,0.27207,0.26964,0.26991,4680211.0
2026-03-02 14:00:00+00:00,0.26991,0.2782,0.2695,0.2769,5083095.0
2026-03-02 15:00:00+00:00,0.2769,0.2865,0.2764,0.28409,14768567.0
2026-03-02 16:00:00+00:00,0.28406,0.28846,0.28283,0.28441,6541174.0
2026-03-02 17:00:00+00:00,0.28441,0.28464,0.27808,0.28187,3292080.0
2026-03-02 18:00:00+00:00,0.28178,0.28236,0.27921,0.28045,1559601.0
2026-03-02 19:00:00+00:00,0.28045,0.28096,0.27858,0.28024,1583139.0
2026-03-02 20:00:00+00:00,0.28024,0.28223,0.27844,0.27926,1354796.0
2026-03-02 21:00:00+00:00,0.27926,0.27961,0.27763,0.27929,1302070.0
2026-03-02 22:00:00+00:00,0.27921,0.2812,0.27913,0.2803,823786.0
2026-03-02 23:00:00+00:00,0.2803,0.2803,0.27577,0.27678,1935951.0
2026-03-03 00:00:00+00:00,0.27678,0.27697,0.27389,0.27599,4153697.0
2026-03-03 01:00:00+00:00,0.27599,0.2764,0.27374,0.27423,1540769.0
2026-03-03 02:00:00+00:00,0.27423,0.27456,0.27207,0.27346,2648185.0
2026-03-03 03:00:00+00:00,0.27353,0.27427,0.27145,0.27322,1689402.0
2026-03-03 04:00:00+00:00,0.27329,0.27339,0.2709,0.27126,1376085.0
2026-03-03 05:00:00+00:00,0.27126,0.2736,0.26951,0.2705,3455621.0
2026-03-03 06:00:00+00:00,0.27049,0.271,0.26824,0.26905,2760373.0
2026-03-03 07:00:00+00:00,0.26898,0.27026,0.26767,0.26858,2251687.0
2026-03-03 08:00:00+00:00,0.26858,0.26977,0.26557,0.26575,2851628.0
2026-03-03 09:00:00+00:00,0.26568,0.26689,0.26374,0.26462,4236069.0
2026-03-03 10:00:00+00:00,0.26455,0.26563,0.26341,0.26485,4764238.0
2026-03-03 11:00:00+00:00,0.26485,0.26516,0.26257,0.26445,3247788.0
2026-03-03 12:00:00+00:00,0.26445,0.26713,0.26375,0.26505,3794606.0
2026-03-03 13:00:00+00:00,0.26505,0.26515,0.26281,0.26345,1628964.0
2026-03-03 14:00:00+00:00,0.26345,0.2663,0.26127,0.26278,5563738.0
2026-03-03 15:00:00+00:00,0.26268,0.26643,0.2614,0.26503,3431828.0
2026-03-03 16:00:00+00:00,0.26495,0.272,0.26415,0.26805,10577874.0
2026-03-03 17:00:00+00:00,0.26805,0.26842,0.26427,0.26748,3561597.0
2026-03-03 18:00:00+00:00,0.26748,0.26936,0.26534,0.26677,1853634.0
2026-03-03 19:00:00+00:00,0.26678,0.26698,0.2625,0.26335,2490104.0
2026-03-03 20:00:00+00:00,0.26335,0.26364,0.26055,0.26152,3003499.0
2026-03-03 21:00:00+00:00,0.26145,0.26207,0.26011,0.26178,1565637.0
2026-03-03 22:00:00+00:00,0.26168,0.26448,0.26159,0.26282,1756979.0
2026-03-03 23:00:00+00:00,0.26282,0.26424,0.26187,0.26228,1810315.0
2026-03-04 00:00:00+00:00,0.26235,0.26366,0.26101,0.26222,1551566.0
2026-03-04 01:00:00+00:00,0.26208,0.26609,0.26128,0.26372,4696792.0
2026-03-04 02:00:00+00:00,0.26379,0.2644,0.26205,0.26387,3651629.0
2026-03-04 03:00:00+00:00,0.26387,0.26479,0.26061,0.26248,1545363.0
2026-03-04 04:00:00+00:00,0.26248,0.2632,0.25863,0.26055,3086457.0
2026-03-04 05:00:00+00:00,0.26055,0.26184,0.25831,0.2606,1630052.0
2026-03-04 06:00:00+00:00,0.26062,0.26211,0.25924,0.26109,1647184.0
2026-03-04 07:00:00+00:00,0.26105,0.26519,0.2602,0.26482,2228484.0
2026-03-04 08:00:00+00:00,0.26471,0.27237,0.26351,0.27154,6699102.0
2026-03-04 09:00:00+00:00,0.27155,0.27405,0.27014,0.2723,13533029.0
2026-03-04 10:00:00+00:00,0.27229,0.27397,0.26944,0.2698,2652343.0
2026-03-04 11:00:00+00:00,0.26979,0.27083,0.26743,0.26855,3247438.0
2026-03-04 12:00:00+00:00,0.26862,0.2691,0.2656,0.26885,2560938.0
2026-03-04 13:00:00+00:00,0.26885,0.2722,0.26875,0.27202,3263538.0
2026-03-04 14:00:00+00:00,0.27194,0.27763,0.27174,0.27261,7775759.0
2026-03-04 15:00:00+00:00,0.27269,0.28109,0.27261,0.2806,6532614.0
2026-03-04 16:00:00+00:00,0.2806,0.28396,0.27688,0.28031,6374921.0
2026-03-04 17:00:00+00:00,0.28024,0.2825,0.278,0.28067,6103808.0
2026-03-04 18:00:00+00:00,0.28067,0.28169,0.27816,0.28142,2125405.0
2026-03-04 19:00:00+00:00,0.28146,0.2849,0.28053,0.28215,6422416.0
2026-03-04 20:00:00+00:00,0.28215,0.28268,0.28032,0.28104,4159058.0
2026-03-04 21:00:00+00:00,0.28098,0.28118,0.27844,0.28001,2267579.0
2026-03-04 22:00:00+00:00,0.27988,0.2818,0.27547,0.27588,2123158.0
2026-03-04 23:00:00+00:00,0.27595,0.27665,0.27354,0.27608,6897034.0
2026-03-05 00:00:00+00:00,0.27615,0.27631,0.273,0.27408,1916794.0
2026-03-05 01:00:00+00:00,0.27416,0.27665,0.27274,0.27325,1406364.0
2026-03-05 02:00:00+00:00,0.27325,0.27567,0.2726,0.27374,1070910.0
2026-03-05 03:00:00+00:00,0.27381,0.27456,0.27326,0.27394,915616.0
2026-03-05 04:00:00+00:00,0.27402,0.27599,0.27382,0.27525,1245501.0
2026-03-05 05:00:00+00:00,0.27525,0.27626,0.27275,0.27315,1058695.0
2026-03-05 06:00:00+00:00,0.27315,0.2742,0.27127,0.27398,2315105.0
2026-03-05 07:00:00+00:00,0.27406,0.2746,0.27057,0.27203,1714598.0
2026-03-05 08:00:00+00:00,0.27194,0.27236,0.27014,0.27172,1794012.0
2026-03-05 09:00:00+00:00,0.27172,0.27393,0.27148,0.27317,2601084.0
2026-03-05 10:00:00+00:00,0.2731,0.27739,0.27223,0.27651,2738268.0
2026-03-05 11:00:00+00:00,0.27659,0.27699,0.27278,0.27402,2894420.0
2026-03-05 12:00:00+00:00,0.27402,0.27779,0.27297,0.2773,2674115.0
2026-03-05 13:00:00+00:00,0.2773,0.27736,0.273,0.27449,3790429.0
2026-03-05 14:00:00+00:00,0.27449,0.2765,0.27312,0.27552,2825707.0
2026-03-05 15:00:00+00:00,0.27544,0.27593,0.26947,0.27087,5521395.0
2026-03-05 16:00:00+00:00,0.27087,0.27099,0.265,0.26865,6912050.0
2026-03-05 17:00:00+00:00,0.26858,0.27026,0.26577,0.26638,2860769.0
2026-03-05 18:00:00+00:00,0.26645,0.26848,0.26585,0.26845,1992319.0
2026-03-05 19:00:00+00:00,0.26845,0.27176,0.26839,0.26915,1980068.0
2026-03-05 20:00:00+00:00,0.26915,0.27196,0.26844,0.27102,1100861.0
2026-03-05 21:00:00+00:00,0.27095,0.27163,0.26849,0.26889,1307328.0
2026-03-05 22:00:00+00:00,0.26895,0.2698,0.26757,0.26878,1246039.0
2026-03-05 23:00:00+00:00,0.26885,0.26975,0.26856,0.26891,868283.0
2026-03-06 00:00:00+00:00,0.26898,0.2693,0.26784,0.26825,4506369.0
2026-03-06 01:00:00+00:00,0.26825,0.2709,0.2669,0.27055,3255145.0
2026-03-06 02:00:00+00:00,0.27062,0.2715,0.26963,0.26995,3069580.0
2026-03-06 03:00:00+00:00,0.26988,0.27049,0.26905,0.27038,638015.0
2026-03-06 04:00:00+00:00,0.27038,0.27059,0.2671,0.26861,1541826.0
2026-03-06 05:00:00+00:00,0.26869,0.2694,0.267,0.26828,1318810.0
2026-03-06 06:00:00+00:00,0.26835,0.26959,0.2679,0.26839,1598619.0
2026-03-06 07:00:00+00:00,0.26846,0.27179,0.26811,0.27131,2936097.0
2026-03-06 08:00:00+00:00,0.27137,0.27143,0.26827,0.26879,2438405.0
2026-03-06 09:00:00+00:00,0.26871,0.2689,0.2654,0.2667,3063141.0
2026-03-06 10:00:00+00:00,0.26677,0.26866,0.26662,0.26768,1021909.0
2026-03-06 11:00:00+00:00,0.26755,0.26799,0.2658,0.26615,1049257.0
2026-03-06 12:00:00+00:00,0.26601,0.26675,0.2643,0.26625,2724846.0
2026-03-06 13:00:00+00:00,0.26618,0.2689,0.26354,0.26392,4355914.0
2026-03-06 14:00:00+00:00,0.26385,0.26392,0.25726,0.25835,17327482.0
2026-03-06 15:00:00+00:00,0.25822,0.25941,0.25548,0.25649,4430177.0
2026-03-06 16:00:00+00:00,0.25645,0.259,0.25554,0.25686,4179666.0
2026-03-06 17:00:00+00:00,0.25685,0.25817,0.25525,0.25676,2186189.0
2026-03-06 18:00:00+00:00,0.25681,0.25896,0.25675,0.25849,1489373.0
2026-03-06 19:00:00+00:00,0.25849,0.26036,0.25829,0.2583,1483349.0
2026-03-06 20:00:00+00:00,0.2583,0.25852,0.25708,0.25805,889365.0
2026-03-06 21:00:00+00:00,0.25799,0.25924,0.25778,0.25924,839204.0
2026-03-06 22:00:00+00:00,0.25924,0.25999,0.25883,0.25965,641169.0
2026-03-06 23:00:00+00:00,0.25959,0.25969,0.25861,0.25882,970408.0
2026-03-07 00:00:00+00:00,0.25882,0.25979,0.25882,0.25925,632889.0
2026-03-07 01:00:00+00:00,0.25925,0.26006,0.25901,0.25909,641596.0
2026-03-07 02:00:00+00:00,0.25902,0.25956,0.25838,0.25935,608349.0
2026-03-07 03:00:00+00:00,0.25935,0.26082,0.25856,0.25865,1023661.0
2026-03-07 04:00:00+00:00,0.25856,0.25873,0.25666,0.25838,3184643.0
2026-03-07 05:00:00+00:00,0.25845,0.259,0.25828,0.25879,548082.0
2026-03-07 06:00:00+00:00,0.25885,0.25885,0.25754,0.25767,980364.0
2026-03-07 07:00:00+00:00,0.25775,0.25817,0.25689,0.25815,769906.0
2026-03-07 08:00:00+00:00,0.25815,0.2588,0.25764,0.25772,762196.0
2026-03-07 09:00:00+00:00,0.25778,0.25845,0.25721,0.25815,769542.0
2026-03-07 10:00:00+00:00,0.25815,0.25831,0.25727,0.25749,922889.0
2026-03-07 11:00:00+00:00,0.25749,0.25922,0.25728,0.25859,1092986.0
2026-03-07 12:00:00+00:00,0.25865,0.25876,0.25698,0.25719,2468637.0
2026-03-07 13:00:00+00:00,0.25719,0.25828,0.25695,0.25775,871479.0
2026-03-07 14:00:00+00:00,0.25769,0.25777,0.25174,0.25538,7368797.0
2026-03-07 15:00:00+00:00,0.25532,0.25582,0.25375,0.25475,1522452.0
2026-03-07 16:00:00+00:00,0.2547,0.25576,0.25439,0.25529,1058764.0
2026-03-07 17:00:00+00:00,0.25529,0.25703,0.25528,0.25672,1466930.0
2026-03-07 18:00:00+00:00,0.25665,0.25672,0.25388,0.25541,2890634.0
2026-03-07 19:00:00+00:00,0.25541,0.25546,0.25323,0.25411,1955153.0
2026-03-07 20:00:00+00:00,0.25411,0.25526,0.25399,0.25488,841772.0
2026-03-07 21:00:00+00:00,0.25488,0.25539,0.25435,0.25521,706612.0
2026-03-07 22:00:00+00:00,0.25521,0.25529,0.25273,0.25348,928673.0
2026-03-07 23:00:00+00:00,0.25354,0.25475,0.25337,0.25422,710934.0
2026-03-08 00:00:00+00:00,0.25428,0.25456,0.25314,0.25355,901990.0
2026-03-08 01:00:00+00:00,0.25349,0.25453,0.25311,0.25409,647980.0
2026-03-08 02:00:00+00:00,0.25416,0.25436,0.25074,0.25175,1754932.0
2026-03-08 03:00:00+00:00,0.25169,0.25276,0.25131,0.25179,910321.0
2026-03-08 04:00:00+00:00,0.25185,0.25239,0.24948,0.25034,3476507.0
2026-03-08 05:00:00+00:00,0.25028,0.25279,0.25028,0.25182,2730425.0
2026-03-08 06:00:00+00:00,0.25182,0.25196,0.25059,0.25159,870024.0
2026-03-08 07:00:00+00:00,0.25159,0.25331,0.25149,0.25221,1328584.0
2026-03-08 08:00:00+00:00,0.25221,0.25256,0.25065,0.25218,2403225.0
2026-03-08 09:00:00+00:00,0.25218,0.25402,0.2519,0.25379,2247899.0
2026-03-08 10:00:00+00:00,0.25385,0.25721,0.25384,0.25605,3059676.0
2026-03-08 11:00:00+00:00,0.25605,0.25606,0.25351,0.25455,2028029.0
2026-03-08 12:00:00+00:00,0.25461,0.25506,0.25192,0.25398,2112217.0
2026-03-08 13:00:00+00:00,0.25398,0.25416,0.25028,0.25169,3050206.0
2026-03-08 14:00:00+00:00,0.25175,0.25246,0.25041,0.25112,1931970.0
2026-03-08 15:00:00+00:00,0.25118,0.25123,0.24792,0.24942,4907137.0
2026-03-08 16:00:00+00:00,0.24936,0.24968,0.24818,0.24948,1580685.0
2026-03-08 17:00:00+00:00,0.24942,0.2512,0.24942,0.25015,2712502.0
2026-03-08 18:00:00+00:00,0.25019,0.25035,0.24875,0.25015,1161581.0
2026-03-08 19:00:00+00:00,0.25015,0.25405,0.25008,0.25301,2688266.0
2026-03-08 20:00:00+00:00,0.25301,0.25439,0.25195,0.25285,1439031.0
2026-03-08 21:00:00+00:00,0.25279,0.25312,0.25074,0.25189,1028894.0
2026-03-08 22:00:00+00:00,0.25189,0.25195,0.24563,0.25042,7085986.0
2026-03-08 23:00:00+00:00,0.25048,0.25133,0.24846,0.24898,4117035.0
2026-03-09 00:00:00+00:00,0.24898,0.25331,0.24891,0.25132,2648313.0
2026-03-09 01:00:00+00:00,0.25132,0.25234,0.24972,0.24973,2827464.0
2026-03-09 02:00:00+00:00,0.24979,0.25224,0.2488,0.25148,2552039.0
2026-03-09 03:00:00+00:00,0.25141,0.25646,0.25111,0.25345,4232761.0
2026-03-09 04:00:00+00:00,0.25339,0.25528,0.25295,0.25304,6401848.0
2026-03-09 05:00:00+00:00,0.2531,0.25919,0.2525,0.2575,5715454.0
2026-03-09 06:00:00+00:00,0.2575,0.25769,0.25488,0.25515,1581198.0
2026-03-09 07:00:00+00:00,0.25515,0.25538,0.25237,0.25478,1763129.0
2026-03-09 08:00:00+00:00,0.25484,0.25707,0.25439,0.25608,1688450.0
2026-03-09 09:00:00+00:00,0.25608,0.25847,0.25441,0.25597,2844471.0
2026-03-09 10:00:00+00:00,0.25598,0.25656,0.2545,0.25508,1876536.0
2026-03-09 11:00:00+00:00,0.25501,0.25555,0.25332,0.25481,2021703.0
2026-03-09 12:00:00+00:00,0.25481,0.25679,0.25407,0.25558,2490280.0
2026-03-09 13:00:00+00:00,0.25558,0.25986,0.25511,0.25848,5044925.0
2026-03-09 14:00:00+00:00,0.25835,0.25986,0.25659,0.25774,3325236.0
2026-03-09 15:00:00+00:00,0.25775,0.25809,0.25447,0.25578,3342511.0
2026-03-09 16:00:00+00:00,0.25562,0.25759,0.25508,0.25659,1677264.0
2026-03-09 17:00:00+00:00,0.25659,0.2577,0.25541,0.25638,2752094.0
2026-03-09 18:00:00+00:00,0.25628,0.2575,0.2547,0.2559,1230859.0
2026-03-09 19:00:00+00:00,0.2559,0.26265,0.25511,0.25935,5342667.0
2026-03-09 20:00:00+00:00,0.25935,0.25982,0.25693,0.25842,1623203.0
2026-03-09 21:00:00+00:00,0.25832,0.25937,0.25751,0.25822,1111498.0
2026-03-09 22:00:00+00:00,0.25822,0.25861,0.2546,0.25499,2138364.0
2026-03-09 23:00:00+00:00,0.25499,0.25589,0.2545,0.25491,1447197.0
2026-03-10 00:00:00+00:00,0.25498,0.25862,0.2548,0.25748,2116706.0
2026-03-10 01:00:00+00:00,0.25742,0.25864,0.25624,0.25801,1367050.0
2026-03-10 02:00:00+00:00,0.25801,0.2634,0.25711,0.26188,12293667.0
2026-03-10 03:00:00+00:00,0.26188,0.26268,0.25787,0.25851,2433133.0
2026-03-10 04:00:00+00:00,0.25851,0.26128,0.25851,0.26035,1314649.0
2026-03-10 05:00:00+00:00,0.26035,0.2616,0.25942,0.25971,1119643.0
2026-03-10 06:00:00+00:00,0.25971,0.25982,0.25804,0.25932,1186989.0
2026-03-10 07:00:00+00:00,0.25932,0.26096,0.25851,0.26021,1441957.0
2026-03-10 08:00:00+00:00,0.26028,0.26255,0.26014,0.26134,1928902.0
2026-03-10 09:00:00+00:00,0.26134,0.26749,0.26134,0.26698,6684589.0
2026-03-10 10:00:00+00:00,0.26698,0.26813,0.26517,0.26699,3578451.0
2026-03-10 11:00:00+00:00,0.26699,0.26699,0.26406,0.26418,2477310.0
2026-03-10 12:00:00+00:00,0.26418,0.26466,0.2625,0.26398,3196997.0
2026-03-10 13:00:00+00:00,0.26393,0.26669,0.26151,0.2636,14285977.0
2026-03-10 14:00:00+00:00,0.26368,0.27244,0.26083,0.27184,9935197.0
2026-03-10 15:00:00+00:00,0.27191,0.27358,0.26851,0.27114,7537461.0
2026-03-10 16:00:00+00:00,0.27122,0.27374,0.2693,0.27209,4324563.0
2026-03-10 17:00:00+00:00,0.27201,0.27261,0.26767,0.26889,3596947.0
2026-03-10 18:00:00+00:00,0.26889,0.26889,0.2631,0.26352,4476298.0
2026-03-10 19:00:00+00:00,0.26358,0.26468,0.26181,0.26218,2077661.0
2026-03-10 20:00:00+00:00,0.26232,0.26358,0.2622,0.26325,1239859.0
2026-03-10 21:00:00+00:00,0.26325,0.26432,0.26039,0.26141,3031469.0
2026-03-10 22:00:00+00:00,0.26135,0.2625,0.26031,0.26102,1395176.0
2026-03-10 23:00:00+00:00,0.26102,0.26228,0.2609,0.26178,970522.0
2026-03-11 00:00:00+00:00,0.26178,0.2623,0.26033,0.26188,1252557.0
2026-03-11 01:00:00+00:00,0.26182,0.26196,0.25988,0.26062,1333209.0
2026-03-11 02:00:00+00:00,0.26062,0.26089,0.25844,0.26,2432007.0
2026-03-11 03:00:00+00:00,0.25998,0.26069,0.25887,0.25945,1495254.0
2026-03-11 04:00:00+00:00,0.25951,0.26213,0.25908,0.26185,1292917.0
2026-03-11 05:00:00+00:00,0.26185,0.26205,0.25747,0.25808,1998370.0
2026-03-11 06:00:00+00:00,0.25815,0.25949,0.25788,0.25842,2358687.0
2026-03-11 07:00:00+00:00,0.25835,0.25932,0.25634,0.25718,2163177.0
2026-03-11 08:00:00+00:00,0.25731,0.25826,0.25697,0.258,1619489.0
2026-03-11 09:00:00+00:00,0.25797,0.25827,0.25678,0.25709,1110597.0
2026-03-11 10:00:00+00:00,0.25715,0.25976,0.25688,0.25915,1584666.0
2026-03-11 11:00:00+00:00,0.25915,0.25982,0.2583,0.25852,1678000.0
2026-03-11 12:00:00+00:00,0.25852,0.26361,0.25791,0.26107,3881743.0
2026-03-11 13:00:00+00:00,0.26111,0.26761,0.26091,0.26285,6477131.0
2026-03-11 14:00:00+00:00,0.26278,0.26578,0.26275,0.26355,13391959.0
2026-03-11 15:00:00+00:00,0.26368,0.26398,0.25923,0.26222,3452924.0
2026-03-11 16:00:00+00:00,0.26238,0.26429,0.26173,0.26342,2343790.0
2026-03-11 17:00:00+00:00,0.26342,0.26625,0.26237,0.26477,2343815.0
2026-03-11 18:00:00+00:00,0.26485,0.26659,0.26467,0.26615,1892115.0
2026-03-11 19:00:00+00:00,0.26615,0.26662,0.26485,0.26502,1061526.0
2026-03-11 20:00:00+00:00,0.26508,0.26509,0.26312,0.26402,1727410.0
2026-03-11 21:00:00+00:00,0.26408,0.265,0.26358,0.26478,777179.0
2026-03-11 22:00:00+00:00,0.26472,0.266,0.26291,0.26369,1357311.0
2026-03-11 23:00:00+00:00,0.26369,0.26439,0.26157,0.26248,1021723.0
2026-03-12 00:00:00+00:00,0.26241,0.26292,0.2613,0.26208,1671289.0
2026-03-12 01:00:00+00:00,0.26208,0.26208,0.2602,0.26062,1234493.0
2026-03-12 02:00:00+00:00,0.26068,0.26125,0.25861,0.25878,2107707.0
2026-03-12 03:00:00+00:00,0.25885,0.26019,0.25834,0.25883,1823335.0
2026-03-12 04:00:00+00:00,0.25875,0.25968,0.25833,0.25858,900575.0
2026-03-12 05:00:00+00:00,0.25852,0.25929,0.25773,0.25882,1420619.0
2026-03-12 06:00:00+00:00,0.25882,0.25941,0.25831,0.25906,3504717.0
2026-03-12 07:00:00+00:00,0.25906,0.26086,0.25875,0.26052,1337213.0
2026-03-12 08:00:00+00:00,0.26052,0.2622,0.26008,0.26072,2353815.0
2026-03-12 09:00:00+00:00,0.26065,0.26323,0.25983,0.26145,1966185.0
2026-03-12 10:00:00+00:00,0.26145,0.26376,0.26122,0.26301,2377351.0
2026-03-12 11:00:00+00:00,0.26298,0.26303,0.26138,0.26189,1363239.0
2026-03-12 12:00:00+00:00,0.26188,0.2641,0.2611,0.26298,1943049.0
2026-03-12 13:00:00+00:00,0.26305,0.2638,0.26021,0.26149,3480673.0
2026-03-12 14:00:00+00:00,0.26138,0.26346,0.25804,0.25962,5383177.0
2026-03-12 15:00:00+00:00,0.25962,0.2629,0.25894,0.26189,4062015.0
2026-03-12 16:00:00+00:00,0.26189,0.26346,0.26012,0.26302,2911599.0
2026-03-12 17:00:00+00:00,0.26302,0.26326,0.26148,0.26221,1361557.0
2026-03-12 18:00:00+00:00,0.26221,0.26238,0.26067,0.26075,1107793.0
2026-03-12 19:00:00+00:00,0.26068,0.26317,0.25997,0.26287,5602108.0
2026-03-12 20:00:00+00:00,0.26295,0.26327,0.26139,0.26162,1330577.0
2026-03-12 21:00:00+00:00,0.26155,0.26334,0.26154,0.26312,1189450.0
2026-03-12 22:00:00+00:00,0.26312,0.26343,0.26231,0.26313,767032.0
2026-03-12 23:00:00+00:00,0.26313,0.26552,0.26242,0.26332,2799832.0
2026-03-13 00:00:00+00:00,0.26332,0.27273,0.26275,0.26925,19534242.0
2026-03-13 01:00:00+00:00,0.26925,0.27227,0.26908,0.27181,2806259.0
2026-03-13 02:00:00+00:00,0.27181,0.27216,0.26897,0.26981,2424982.0
2026-03-13 03:00:00+00:00,0.26988,0.27217,0.26886,0.27158,1326270.0
2026-03-13 04:00:00+00:00,0.27158,0.27357,0.27013,0.27159,1953144.0
2026-03-13 05:00:00+00:00,0.27159,0.27573,0.27065,0.27381,3719662.0
2026-03-13 06:00:00+00:00,0.27381,0.27436,0.2714,0.27211,1969386.0
2026-03-13 07:00:00+00:00,0.27211,0.2734,0.27111,0.27152,1262341.0
2026-03-13 08:00:00+00:00,0.27152,0.27533,0.2707,0.27208,1978770.0
2026-03-13 09:00:00+00:00,0.27216,0.27468,0.27124,0.2742,1446078.0
2026-03-13 10:00:00+00:00,0.27421,0.27559,0.27403,0.27467,1958443.0
2026-03-13 11:00:00+00:00,0.27475,0.27485,0.27307,0.2742,1532730.0
2026-03-13 12:00:00+00:00,0.2742,0.28022,0.27419,0.27821,7046140.0
2026-03-13 13:00:00+00:00,0.27833,0.28128,0.27727,0.2789,5428457.0
2026-03-13 14:00:00+00:00,0.2789,0.28005,0.2724,0.27305,4897388.0
2026-03-13 15:00:00+00:00,0.27322,0.2748,0.27053,0.27135,4267745.0
2026-03-13 16:00:00+00:00,0.27135,0.27288,0.2704,0.27189,13062909.0
2026-03-13 17:00:00+00:00,0.27181,0.27195,0.26635,0.2671,3927445.0
2026-03-13 18:00:00+00:00,0.26719,0.26789,0.26584,0.26638,3029981.0
2026-03-13 19:00:00+00:00,0.26631,0.2675,0.26607,0.26711,5786595.0
2026-03-13 20:00:00+00:00,0.26719,0.2678,0.2664,0.26741,3257686.0
2026-03-13 21:00:00+00:00,0.26749,0.2686,0.26626,0.26678,1867996.0
2026-03-13 22:00:00+00:00,0.26685,0.267,0.26371,0.2649,3691032.0
2026-03-13 23:00:00+00:00,0.2649,0.26579,0.26451,0.26542,1082583.0
2026-03-14 00:00:00+00:00,0.26542,0.26549,0.26331,0.26391,1271577.0
2026-03-14 01:00:00+00:00,0.26391,0.26514,0.26281,0.26475,1014647.0
2026-03-14 02:00:00+00:00,0.26472,0.26596,0.26397,0.26459,1930571.0
2026-03-14 03:00:00+00:00,0.26452,0.26593,0.26435,0.26528,1444096.0
2026-03-14 04:00:00+00:00,0.26521,0.26632,0.26454,0.265,790261.0
2026-03-14 05:00:00+00:00,0.26497,0.26528,0.26298,0.26382,1135562.0
2026-03-14 06:00:00+00:00,0.26382,0.26382,0.26141,0.26222,1283484.0
2026-03-14 07:00:00+00:00,0.26228,0.26254,0.26094,0.26148,1361846.0
2026-03-14 08:00:00+00:00,0.26155,0.26165,0.25941,0.26089,2131073.0
2026-03-14 09:00:00+00:00,0.26089,0.26143,0.2596,0.25995,1180087.0
2026-03-14 10:00:00+00:00,0.25995,0.25999,0.25898,0.25965,1882638.0
2026-03-14 11:00:00+00:00,0.25972,0.2609,0.25941,0.26075,2379167.0
2026-03-14 12:00:00+00:00,0.26075,0.26081,0.25976,0.26071,2528515.0
2026-03-14 13:00:00+00:00,0.26071,0.26173,0.26024,0.26096,2418106.0
2026-03-14 14:00:00+00:00,0.26096,0.26132,0.25984,0.25996,1069680.0
2026-03-14 15:00:00+00:00,0.25994,0.26074,0.25975,0.26048,978720.0
2026-03-14 16:00:00+00:00,0.26048,0.26139,0.26012,0.26115,1046600.0
2026-03-14 17:00:00+00:00,0.26109,0.26109,0.25944,0.25968,1313418.0
2026-03-14 18:00:00+00:00,0.25968,0.25968,0.25832,0.25889,2319972.0
2026-03-14 19:00:00+00:00,0.25889,0.25946,0.25845,0.25889,1838057.0
2026-03-14 20:00:00+00:00,0.25889,0.25953,0.25861,0.25952,1550054.0
2026-03-14 21:00:00+00:00,0.25946,0.26016,0.25867,0.25989,3662628.0
2026-03-14 22:00:00+00:00,0.25999,0.26057,0.25968,0.26015,890106.0
2026-03-14 23:00:00+00:00,0.26009,0.26356,0.26009,0.26331,2825406.0
2026-03-15 00:00:00+00:00,0.26325,0.26373,0.26168,0.26208,1943539.0
2026-03-15 01:00:00+00:00,0.26202,0.26225,0.26106,0.2615,1410638.0
2026-03-15 02:00:00+00:00,0.2615,0.26587,0.26149,0.26502,2118286.0
2026-03-15 03:00:00+00:00,0.26502,0.26579,0.26351,0.2647,1626505.0
2026-03-15 04:00:00+00:00,0.26469,0.26656,0.26405,0.26534,1828714.0
2026-03-15 05:00:00+00:00,0.26528,0.26706,0.26494,0.26513,1235837.0
2026-03-15 06:00:00+00:00,0.26513,0.2655,0.263,0.26385,1106785.0
2026-03-15 07:00:00+00:00,0.26385,0.26549,0.26368,0.26452,1016812.0
2026-03-15 08:00:00+00:00,0.26458,0.26568,0.26441,0.26558,1209207.0
2026-03-15 09:00:00+00:00,0.26558,0.26625,0.26467,0.26468,1205582.0
2026-03-15 10:00:00+00:00,0.26468,0.2657,0.26451,0.26535,784579.0
2026-03-15 11:00:00+00:00,0.26535,0.26589,0.26494,0.26545,2494008.0
2026-03-15 12:00:00+00:00,0.26552,0.26596,0.26471,0.26558,879140.0
2026-03-15 13:00:00+00:00,0.26558,0.26624,0.26221,0.26403,2922812.0
2026-03-15 14:00:00+00:00,0.26403,0.26462,0.26251,0.26404,1589793.0
2026-03-15 15:00:00+00:00,0.26404,0.26453,0.2632,0.26348,1189565.0
2026-03-15 16:00:00+00:00,0.26355,0.26439,0.26241,0.26262,1578819.0
2026-03-15 17:00:00+00:00,0.26268,0.26535,0.26241,0.26448,1532168.0
2026-03-15 18:00:00+00:00,0.26442,0.2649,0.26181,0.26245,2149671.0
2026-03-15 19:00:00+00:00,0.26254,0.26398,0.26242,0.26362,882424.0
2026-03-15 20:00:00+00:00,0.26362,0.2652,0.26243,0.26418,1607503.0
2026-03-15 21:00:00+00:00,0.26418,0.26706,0.26357,0.26649,1753927.0
2026-03-15 22:00:00+00:00,0.26649,0.2716,0.26464,0.27042,11760333.0
2026-03-15 23:00:00+00:00,0.27042,0.27179,0.26764,0.26999,3389639.0
2026-03-16 00:00:00+00:00,0.26999,0.2725,0.26946,0.27055,1804322.0
2026-03-16 01:00:00+00:00,0.27055,0.272,0.26877,0.27131,2652658.0
2026-03-16 02:00:00+00:00,0.27139,0.27196,0.26854,0.27088,1739630.0
2026-03-16 03:00:00+00:00,0.27095,0.28046,0.27017,0.27726,5577646.0
2026-03-16 04:00:00+00:00,0.27725,0.28438,0.27717,0.28281,5620975.0
2026-03-16 05:00:00+00:00,0.28284,0.2893,0.28196,0.28832,5615594.0
2026-03-16 06:00:00+00:00,0.28842,0.29133,0.28603,0.28987,5729818.0
2026-03-16 07:00:00+00:00,0.28987,0.29242,0.28905,0.28984,4073141.0
2026-03-16 08:00:00+00:00,0.28992,0.29337,0.28446,0.28469,5257821.0
2026-03-16 09:00:00+00:00,0.28468,0.28942,0.28446,0.28828,3995158.0
2026-03-16 10:00:00+00:00,0.28828,0.28869,0.28533,0.28688,3229368.0
2026-03-16 11:00:00+00:00,0.2868,0.288,0.28417,0.28531,3148208.0
2026-03-16 12:00:00+00:00,0.28532,0.28677,0.28449,0.28485,2839284.0
2026-03-16 13:00:00+00:00,0.28493,0.289,0.28427,0.28501,5729690.0
2026-03-16 14:00:00+00:00,0.28511,0.28742,0.28217,0.28644,4519829.0
2026-03-16 15:00:00+00:00,0.28644,0.28726,0.28336,0.28346,1966729.0
2026-03-16 16:00:00+00:00,0.28338,0.28728,0.28336,0.28719,1604811.0
2026-03-16 17:00:00+00:00,0.28711,0.2875,0.28464,0.28657,2677839.0
2026-03-16 18:00:00+00:00,0.28658,0.28873,0.28612,0.28659,3660796.0
2026-03-16 19:00:00+00:00,0.28659,0.28966,0.28615,0.28813,2845171.0
2026-03-16 20:00:00+00:00,0.28822,0.2889,0.28732,0.28765,1046237.0
2026-03-16 21:00:00+00:00,0.28764,0.29045,0.28661,0.28732,4286657.0
2026-03-16 22:00:00+00:00,0.28724,0.29153,0.28724,0.29134,2606711.0
2026-03-16 23:00:00+00:00,0.29142,0.29167,0.2879,0.29015,2629573.0
2026-03-17 00:00:00+00:00,0.29023,0.2925,0.28827,0.29023,2532043.0
2026-03-17 01:00:00+00:00,0.29023,0.29239,0.28879,0.2907,2547019.0
2026-03-17 02:00:00+00:00,0.2906,0.293,0.2891,0.29132,1284312.0
2026-03-17 03:00:00+00:00,0.29139,0.29139,0.28418,0.28557,4264313.0
2026-03-17 04:00:00+00:00,0.28566,0.28644,0.2819,0.28394,2422782.0
2026-03-17 05:00:00+00:00,0.28394,0.28506,0.2816,0.28325,2633312.0
2026-03-17 06:00:00+00:00,0.28325,0.28499,0.28224,0.2838,1527355.0
2026-03-17 07:00:00+00:00,0.28388,0.28816,0.2838,0.28638,2183347.0
2026-03-17 08:00:00+00:00,0.2863,0.28782,0.28564,0.28599,1646922.0
2026-03-17 09:00:00+00:00,0.286,0.28776,0.2849,0.28639,2300227.0
2026-03-17 10:00:00+00:00,0.28631,0.28669,0.28522,0.28648,1929817.0
2026-03-17 11:00:00+00:00,0.28641,0.28836,0.2863,0.2867,2477262.0
2026-03-17 12:00:00+00:00,0.2867,0.28738,0.28353,0.2842,2915621.0
2026-03-17 13:00:00+00:00,0.2842,0.28749,0.28384,0.28503,2793121.0
2026-03-17 14:00:00+00:00,0.28511,0.2883,0.28403,0.28689,2867839.0
2026-03-17 15:00:00+00:00,0.28689,0.28938,0.28432,0.28621,5168194.0
2026-03-17 16:00:00+00:00,0.28629,0.28834,0.28566,0.28655,1312043.0
2026-03-17 17:00:00+00:00,0.28655,0.28932,0.28636,0.28916,1481616.0
2026-03-17 18:00:00+00:00,0.28918,0.29129,0.28916,0.28998,2654446.0
2026-03-17 19:00:00+00:00,0.2899,0.29009,0.28809,0.28836,1518060.0
2026-03-17 20:00:00+00:00,0.28828,0.28952,0.28763,0.28922,916471.0
2026-03-17 21:00:00+00:00,0.28922,0.29196,0.28914,0.29044,1545182.0
2026-03-17 22:00:00+00:00,0.29049,0.2918,0.28939,0.29119,1605803.0
2026-03-17 23:00:00+00:00,0.29127,0.29158,0.28827,0.28874,1122341.0
2026-03-18 00:00:00+00:00,0.28874,0.28954,0.28633,0.28822,3319051.0
2026-03-18 01:00:00+00:00,0.28814,0.28972,0.28804,0.28834,1089667.0
2026-03-18 02:00:00+00:00,0.28842,0.29158,0.28811,0.29039,1410101.0
2026-03-18 03:00:00+00:00,0.29039,0.29368,0.28997,0.29157,2831929.0
2026-03-18 04:00:00+00:00,0.29153,0.29193,0.29006,0.2907,2143048.0
2026-03-18 05:00:00+00:00,0.2907,0.29511,0.2894,0.28969,4098344.0
2026-03-18 06:00:00+00:00,0.28961,0.29119,0.28826,0.28833,1803963.0
2026-03-18 07:00:00+00:00,0.28827,0.2884,0.28705,0.28836,2993690.0
2026-03-18 08:00:00+00:00,0.28828,0.29,0.28828,0.28888,1877322.0
2026-03-18 09:00:00+00:00,0.28888,0.29106,0.2885,0.29086,1340502.0
2026-03-18 10:00:00+00:00,0.29078,0.2913,0.28769,0.28832,2681629.0
2026-03-18 11:00:00+00:00,0.28832,0.28837,0.2785,0.27942,14446508.0
2026-03-18 12:00:00+00:00,0.2795,0.27966,0.27482,0.2762,9808976.0
2026-03-18 13:00:00+00:00,0.27619,0.27743,0.27501,0.27607,5165085.0
2026-03-18 14:00:00+00:00,0.27599,0.27627,0.27045,0.27098,12044031.0
2026-03-18 15:00:00+00:00,0.27105,0.2722,0.2694,0.27137,4683548.0
2026-03-18 16:00:00+00:00,0.27123,0.2713,0.26958,0.27058,3407797.0
2026-03-18 17:00:00+00:00,0.2706,0.27342,0.26959,0.27209,5081584.0
2026-03-18 18:00:00+00:00,0.27202,0.2749,0.2709,0.27155,3663219.0
2026-03-18 19:00:00+00:00,0.27155,0.2735,0.27154,0.27218,1233565.0
2026-03-18 20:00:00+00:00,0.27226,0.2736,0.27007,0.27315,1809281.0
2026-03-18 21:00:00+00:00,0.27301,0.27456,0.27291,0.27402,1192434.0
2026-03-18 22:00:00+00:00,0.27402,0.2741,0.27287,0.27348,796473.0
2026-03-18 23:00:00+00:00,0.27356,0.27463,0.27306,0.27406,732548.0
2026-03-19 00:00:00+00:00,0.27398,0.27439,0.27258,0.27275,1078264.0
2026-03-19 01:00:00+00:00,0.27282,0.27376,0.27234,0.27316,609775.0
2026-03-19 02:00:00+00:00,0.27316,0.27316,0.2711,0.27185,838160.0
2026-03-19 03:00:00+00:00,0.27185,0.27645,0.27185,0.27442,1692685.0
2026-03-19 04:00:00+00:00,0.27435,0.27453,0.27221,0.27222,1020101.0
2026-03-19 05:00:00+00:00,0.27222,0.27265,0.2709,0.27115,875396.0
2026-03-19 06:00:00+00:00,0.27114,0.2721,0.27,0.27115,1227494.0
2026-03-19 07:00:00+00:00,0.27115,0.27122,0.26609,0.26835,5475592.0
2026-03-19 08:00:00+00:00,0.26835,0.26923,0.26727,0.26808,1921689.0
2026-03-19 09:00:00+00:00,0.26815,0.27153,0.26807,0.27125,3230276.0
2026-03-19 10:00:00+00:00,0.27145,0.27166,0.26937,0.26945,2645878.0
2026-03-19 11:00:00+00:00,0.26945,0.26989,0.26835,0.26855,1680331.0
2026-03-19 12:00:00+00:00,0.26855,0.26856,0.26451,0.26472,5358944.0
2026-03-19 13:00:00+00:00,0.26472,0.2667,0.26293,0.26632,9976095.0
2026-03-19 14:00:00+00:00,0.26642,0.26757,0.2638,0.26585,3488164.0
2026-03-19 15:00:00+00:00,0.26575,0.26686,0.26304,0.26538,3770948.0
2026-03-19 16:00:00+00:00,0.26545,0.26545,0.26346,0.26415,2315181.0
2026-03-19 17:00:00+00:00,0.26409,0.26585,0.26238,0.26532,2736318.0
2026-03-19 18:00:00+00:00,0.26538,0.26545,0.2643,0.26535,948927.0
2026-03-19 19:00:00+00:00,0.26528,0.26883,0.26518,0.26718,3883890.0
2026-03-19 20:00:00+00:00,0.26725,0.26873,0.26668,0.26775,1440314.0
2026-03-19 21:00:00+00:00,0.26775,0.26839,0.26681,0.26745,1627910.0
2026-03-19 22:00:00+00:00,0.26738,0.26755,0.26551,0.26652,1172695.0
2026-03-19 23:00:00+00:00,0.26645,0.26773,0.26619,0.26725,815432.0
2026-03-20 00:00:00+00:00,0.26732,0.26943,0.26725,0.26931,1455810.0
2026-03-20 01:00:00+00:00,0.26931,0.27073,0.26916,0.26952,1496358.0
2026-03-20 02:00:00+00:00,0.26959,0.26985,0.26797,0.26921,766865.0
2026-03-20 03:00:00+00:00,0.26921,0.27049,0.26891,0.26965,673532.0
2026-03-20 04:00:00+00:00,0.26965,0.271,0.26867,0.27085,1260852.0
2026-03-20 05:00:00+00:00,0.27075,0.27283,0.27064,0.27155,1589120.0
2026-03-20 06:00:00+00:00,0.27162,0.27188,0.27,0.27019,1337004.0
2026-03-20 07:00:00+00:00,0.27019,0.2703,0.26769,0.26988,2012068.0
2026-03-20 08:00:00+00:00,0.26995,0.27249,0.26948,0.27031,1827522.0
2026-03-20 09:00:00+00:00,0.27039,0.2704,0.26936,0.26963,167397.0
